,Experience Years,Salary
count,40.0,40.0
mean,5.1525,74743.625
std,2.6637151133573207,25947.122884512155
min,1.1,37731.0
25%,3.2,56878.25
50%,4.6,64472.5
75%,6.875,95023.25
max,10.5,122391.0
